Energy,Veff,Err,Nthrown,Npassed
1e+17,0.23537399999999997,0.009996,,
1e+18,4.115003,0.07008400000000001,,
1e+19,23.1372,0.23273400000000002,,
1e+20,35.544031,0.24878499999999998,,
