Energy,Veff,Err
1e+16,0.004182,0.0008550000000000001
3.162278e+16,0.04818,0.00292
1e+17,0.34401,0.0077989999999999995
3.162278e+17,1.511895,0.027217
1e+18,4.630839,0.047637
3.162278e+18,10.977898,0.102373
1e+19,20.586778,0.139957
3.162278e+19,34.070899,0.179598
1e+20,51.321619,0.21962199999999998
3.162278e+20,70.34743,0.25610900000000003
1e+21,91.04638299999999,0.289406
